Live stream name,Number of products,Top 3 categories,Live stream time,Stream duration,Creator name,Revenue,Revenue per minute,Online viewers,Online viewers per minute,Views,Views per minute,Items sold,Items sold per minute,Average unit price
Manifest ur best summer w/ Mish!,14,Beauty & Personal Care,08/08 15:30 ~ 08/09 00:28,8h 58m,themichellephan,$198.34k,N/A,298.23k,N/A,298.23k,N/A,885,N/A,$224.11
‚ö† FLASH SALE ELECTRIC SPIN BRUSH,1,Household Appliances,08/31 14:09 ~ 08/31 17:28,3h 18m,andi.review0,$141.80k,N/A,159.29k,N/A,159.29k,N/A,547,N/A,$259.24
STORMI‚Äôs BDAY!!,7,Beauty & Personal Care,08/03 13:00 ~ 08/03 14:36,1h 35m,iamstormisteele,$138.57k,N/A,181.76k,N/A,181.76k,N/A,7.24k,N/A,$19.13
8HR LIVE SALE ü•≥ü´∂üèºüíó,28,"Beauty & Personal Care, Household Appliances",08/31 14:59 ~ 08/31 23:13,8h 14m,itatilopez_,$136.33k,N/A,1.59m,N/A,1.59m,N/A,2.59k,N/A,$52.60
Sarah‚Äôs Summer Shopping Eventüíì,43,"Beauty & Personal Care, Luggage & Bags",08/23 15:29 ~ 08/24 02:03,10h 34m,sarahpotempahair,$125.32k,N/A,217.67k,N/A,217.67k,N/A,2.41k,N/A,$51.98
Ekko New Arrival Day,14,"Health, Sports & Outdoor, Shoes",08/07 11:59 ~ 08/07 17:09,5h 9m,entty10,$124.70k,N/A,211.19k,N/A,211.19k,N/A,4.43k,N/A,$28.16
Stormi‚Äôs Vibe Session,18,"Beauty & Personal Care, Kitchenware",08/24 17:00 ~ 08/24 20:01,3h,iamstormisteele,$116.81k,N/A,338.54k,N/A,338.54k,N/A,6.43k,N/A,$18.17
BKBeauty 8hrs of DEALS ‚ú®,29,Beauty & Personal Care,08/28 15:29 ~ 08/29 01:48,10h 18m,thebkbeauty,$114.24k,N/A,737.14k,N/A,737.14k,N/A,1.4k,N/A,$81.54
SPIN BRUSH $18 SALE GLITCH‚ö†,1,Household Appliances,08/31 13:10 ~ 08/31 15:48,2h 37m,savings.spy,$109.66k,N/A,123.23k,N/A,123.23k,N/A,423,N/A,$259.24
CEO Packs Orders in LA Store!!,89,"Beauty & Personal Care, Pet Supplies",08/30 16:59 ~ 08/30 22:04,5h 4m,jeffreestar,$102.71k,N/A,372.79k,N/A,372.79k,N/A,3.4k,N/A,$30.24
Faja Friday End of Summer Sale,62,"Womenswear & Underwear, Beauty & Personal Care",08/30 18:15 ~ 08/31 01:37,7h 21m,calicurvesfajas,$101.92k,N/A,158.45k,N/A,158.45k,N/A,1.73k,N/A,$58.88
The best of TINECO,40,"Beauty & Personal Care, Household Appliances, Food & Beverages",08/31 12:59 ~ 08/31 19:04,6h 5m,btypep,$89.67k,N/A,246.92k,N/A,246.92k,N/A,2.31k,N/A,$38.77
OQQ MEGA LIVE IS TODAY,23,"Womenswear & Underwear, Sports & Outdoor",08/17 13:00 ~ 08/18 03:02,14h 2m,oqqsports,$88.81k,N/A,323.92k,N/A,323.92k,N/A,2.93k,N/A,$30.34
SPIN BRUSH $18 SALE GLITCH‚ö†,1,Household Appliances,08/31 18:09 ~ 08/31 21:13,3h 4m,savings.spy,$86.33k,N/A,97.01k,N/A,97.01k,N/A,333,N/A,$259.24
‚ö† FLASH SALE ELECTRIC SPIN BRUSH,1,Household Appliances,08/31 08:33 ~ 08/31 11:56,3h 23m,andi.review0,$85.29k,N/A,95.77k,N/A,95.77k,N/A,329,N/A,$259.24
‚ö† FLASH SALE ELECTRIC SPIN BRUSH,1,Household Appliances,08/30 20:31 ~ 08/31 00:00,3h 29m,andi.review0,$85.29k,N/A,76.09k,N/A,76.09k,N/A,329,N/A,$259.24
Welcome! Ask me questions below!,1,Beauty & Personal Care,08/11 03:02 ~ 08/11 13:18,10h 15m,maxx.finds,$84.41k,N/A,1.12m,N/A,1.12m,N/A,1.41k,N/A,$59.99
N/A,94,"Health, Beauty & Personal Care, Automotive & Motorcycle",08/19 13:52 ~ 08/25 18:24,148h 32m,luv06060,$84.31k,N/A,180.14k,N/A,180.14k,N/A,3.4k,N/A,$24.78
‚ö† FLASH SALE ELECTRIC SPIN BRUSH,1,Household Appliances,08/30 09:01 ~ 08/30 11:58,2h 56m,andi.review0,$83.22k,N/A,74.28k,N/A,74.28k,N/A,321,N/A,$259.24
Exclusive Dubai Perfume Sale ‚ù§Ô∏è,40,"Beauty & Personal Care, Muslim Fashion",08/24 16:14 ~ 08/24 23:37,7h 23m,omavery,$83.19k,N/A,215.02k,N/A,215.02k,N/A,2.39k,N/A,$34.88
Anti Aging Beauty/Health,33,"Beauty & Personal Care, Health, Food & Beverages",08/18 12:59 ~ 08/18 21:10,8h 10m,btypep,$81.38k,N/A,300.84k,N/A,300.84k,N/A,2.46k,N/A,$33.07
call the Uber! Nate‚Äôs here,88,"Sports & Outdoor, Toys & Hobbies",08/21 13:59 ~ 08/22 05:09,15h 10m,theballersbank,$77.38k,N/A,64.56k,N/A,64.56k,N/A,217,N/A,$356.59
9 Drawer Dresser Sale Endingüö®,1,Home Supplies,08/09 15:25 ~ 08/10 01:32,10h 7m,jaydonhelpsyousave,$76.99k,N/A,135.91k,N/A,135.91k,N/A,1.24k,N/A,$61.99
9 Drawer Dresser!!!,3,Home Supplies,08/07 18:15 ~ 08/07 21:09,2h 53m,workingmama40,$76.68k,N/A,128.67k,N/A,128.67k,N/A,1.24k,N/A,$61.99
Live,18,"Toys & Hobbies, Sports & Outdoor",08/09 18:56 ~ 08/10 04:39,9h 43m,huntbreaks,$75.56k,N/A,23.63k,N/A,23.63k,N/A,61,N/A,$1.24k
few pcs left..,14,Sports & Outdoor,08/05 12:17 ~ 08/09 10:30,94h 13m,merach.us,$69.12k,N/A,1.43m,N/A,1.43m,N/A,951,N/A,$72.68
Ekkovision Discounts,12,"Health, Sports & Outdoor, Shoes",08/05 15:42 ~ 08/05 20:03,4h 20m,jeffgrahammma,$67.55k,N/A,8.73k,N/A,8.73k,N/A,2.44k,N/A,$27.73
Glass Skin Tips & Best Products,19,Beauty & Personal Care,09/01 14:59 ~ 09/02 00:14,9h 15m,cassandrabankson,$62.35k,N/A,250.14k,N/A,250.14k,N/A,801,N/A,$77.84
Live,16,Toys & Hobbies,08/15 19:01 ~ 08/16 00:45,5h 43m,huntbreaks,$59.80k,N/A,9.11k,N/A,9.11k,N/A,46,N/A,$1.30k
N/A,1,-,08/06 05:59 ~ 08/06 16:01,10h 1m,bettysunflower1,$58.19k,N/A,7.39k,N/A,7.39k,N/A,1.21k,N/A,$48.29
NATE DAWGGGG ü¶¥,89,"Sports & Outdoor, Toys & Hobbies",08/15 13:56 ~ 08/16 06:10,16h 14m,theballersbank,$58.04k,N/A,53.09k,N/A,53.09k,N/A,259,N/A,$224.09
Deals For You Days: Extended,27,"Womenswear & Underwear, Food & Beverages",08/07 17:00 ~ 08/07 21:01,4h,shopbluewaters,$54.15k,N/A,44.75k,N/A,44.75k,N/A,1.32k,N/A,$41.18
A lot of people are ordering..,14,Sports & Outdoor,08/16 08:33 ~ 08/17 00:00,15h 27m,merach.us,$53.11k,N/A,166.24k,N/A,166.24k,N/A,669,N/A,$79.38
COWSAR Nugget Ice Maker Countert,15,"Sports & Outdoor, Furniture, Beauty & Personal Care",08/10 08:04 ~ 08/10 21:49,13h 44m,meat.guy.out,$52.72k,N/A,80.24k,N/A,80.24k,N/A,655,N/A,$80.49
CEO packs orders ‚ú®ü§é,81,"Beauty & Personal Care, Pet Supplies",08/30 16:59 ~ 08/30 22:03,5h 4m,jeffreestarcosmetics,$51.65k,N/A,178.77k,N/A,178.77k,N/A,1.6k,N/A,$32.36
aprende como cuidar tu cabello,1,Beauty & Personal Care,08/09 07:56 ~ 08/09 09:15,1h 18m,jacky_estetica,$50.87k,N/A,43.32k,N/A,43.32k,N/A,162,N/A,$314.00
BEAUTY SUPER LIVE W KELLY KRUGER,34,"Beauty & Personal Care, Health, Womenswear & Underwear",08/16 15:00 ~ 08/16 23:50,8h 50m,kellykrugerbrooks,$50.29k,N/A,179.48k,N/A,179.48k,N/A,1.99k,N/A,$25.30
UNREAL ICE-MAKER DEAL!,4,"Health, Household Appliances",08/10 20:51 ~ 08/11 02:39,5h 47m,coltomn,$48.87k,N/A,215.5k,N/A,215.5k,N/A,957,N/A,$51.07
Mega Live! Giveaways non-stop!ü•∞,25,"Health, Food & Beverages, Beauty & Personal Care",08/17 14:00 ~ 08/17 23:29,9h 29m,microingredients,$48.59k,N/A,352.06k,N/A,352.06k,N/A,1.92k,N/A,$25.35
Celebrity Works Cash Register,44,"Beauty & Personal Care, Luggage & Bags, Pet Supplies",08/04 15:26 ~ 08/04 19:15,3h 48m,jeffreestar,$47.26k,N/A,592.23k,N/A,592.23k,N/A,1.28k,N/A,$36.98
Back to School,15,"Womenswear & Underwear, Sports & Outdoor",08/09 18:00 ~ 08/10 00:01,6h,halara.us.live,$47.19k,N/A,130.26k,N/A,130.26k,N/A,1.6k,N/A,$29.44
One Piece! JP Pok√©mon!,18,Toys & Hobbies,08/06 17:14 ~ 08/08 14:26,45h 12m,calipokehouse,$47.04k,N/A,272.23k,N/A,272.23k,N/A,1.07k,N/A,$44.00
Hot deals SALES üíï‚ù§,26,"Phones & Electronics, Household Appliances",08/30 12:30 ~ 08/30 22:35,10h 4m,vibingout28,$46.91k,N/A,218.05k,N/A,218.05k,N/A,1.28k,N/A,$36.79
Indoor outdoor rocking chair,1,-,08/05 18:37 ~ 08/05 21:22,2h 44m,workingmama40,$46.31k,N/A,159.1k,N/A,159.1k,N/A,279,N/A,$165.99
Mini LIVE Big Deals!üíï,22,"Beauty & Personal Care, Books, Magazines & Audio",08/20 18:59 ~ 08/20 22:16,3h 17m,simplymandys,$45.10k,N/A,192.18k,N/A,192.18k,N/A,1.37k,N/A,$32.97
MilaMiAmor 1Million Live Stream,30,"Beauty & Personal Care, Health, Kitchenware",08/18 16:59 ~ 08/19 01:36,8h 36m,milamiamor1,$44.97k,N/A,150.85k,N/A,150.85k,N/A,1.86k,N/A,$24.18
MOVIE NIGHT WITH NATE üëÄüçø,12,"Sports & Outdoor, Toys & Hobbies",08/06 13:05 ~ 08/07 05:31,16h 25m,theballersbank,$44.57k,N/A,57.53k,N/A,57.53k,N/A,268,N/A,$166.29
FLASHSALE ELECTRIC SPIN BRUSH üßΩ,1,Household Appliances,08/31 22:33 ~ 09/01 00:04,1h 31m,andi.review0,$43.81k,N/A,49.07k,N/A,49.07k,N/A,169,N/A,$259.24
Jawhari Live,86,"Beauty & Personal Care, Food & Beverages",08/16 16:04 ~ 08/17 00:18,8h 14m,aroma_concepts_fl,$43.40k,N/A,90.3k,N/A,90.3k,N/A,1.7k,N/A,$25.60
9 Drawer Dresser Sale Endingüö®,1,Home Supplies,08/11 17:30 ~ 08/11 21:31,4h 1m,jaydonhelpsyousave,$42.59k,N/A,81.14k,N/A,81.14k,N/A,687,N/A,$61.99
Back to School,23,"Furniture, Home Supplies",08/26 20:32 ~ 08/26 22:34,2h 1m,mommabaker29,$42.40k,N/A,39.51k,N/A,39.51k,N/A,233,N/A,$181.99
Ekkovision Discounts,11,"Health, Sports & Outdoor, Shoes",08/06 23:05 ~ 08/07 02:43,3h 37m,jeffgrahammma,$41.45k,N/A,6.48k,N/A,6.48k,N/A,1.69k,N/A,$24.57
CEO Packs Orders in LA Warehouse,31,"Beauty & Personal Care, Pet Supplies, Luggage & Bags",08/16 17:03 ~ 08/16 22:47,5h 43m,jeffreestar,$41.26k,N/A,678.7k,N/A,678.7k,N/A,1.56k,N/A,$26.40
N/A,97,"Health, Beauty & Personal Care, Automotive & Motorcycle",08/17 09:23 ~ 08/19 13:04,51h 40m,luv06060,$41.10k,N/A,84k,N/A,84k,N/A,2.01k,N/A,$20.49
Back in Wyoming! üåæ,12,Beauty & Personal Care,08/17 14:10 ~ 08/17 17:47,3h 37m,jeffreestar,$40.53k,N/A,131.92k,N/A,131.92k,N/A,1.15k,N/A,$35.15
The World Needs More Cowgirls!,36,"Luggage & Bags, Pet Supplies",08/26 11:02 ~ 08/27 01:05,14h 3m,westernhandbag,$39.83k,N/A,71.98k,N/A,71.98k,N/A,1.43k,N/A,$27.95
Back to School Super Event,18,"Sports & Outdoor, Womenswear & Underwear",08/08 17:18 ~ 08/08 23:58,6h 39m,halara.us.live,$39.45k,N/A,121.74k,N/A,121.74k,N/A,1.3k,N/A,$30.30
9 Drawer Dresser Sale Endingüö®,1,Home Supplies,08/07 13:32 ~ 08/07 19:33,6h 1m,jaydonhelpsyousave,$39.24k,N/A,65.78k,N/A,65.78k,N/A,633,N/A,$61.99
Celebrity Works Cash Register,34,"Beauty & Personal Care, Home Supplies",08/09 12:32 ~ 08/09 16:05,3h 32m,jeffreestar,$38.74k,N/A,311.18k,N/A,311.18k,N/A,1.09k,N/A,$35.67
Monday Mega Deals ‚ÄºÔ∏è,31,Womenswear & Underwear,08/26 11:10 ~ 08/27 01:19,14h 8m,feelingirlofficial,$38.70k,N/A,110.97k,N/A,110.97k,N/A,1.37k,N/A,$28.19
Voweek BRUSH,1,Household Appliances,08/31 21:50 ~ 08/31 23:19,1h 29m,timgroman,$38.63k,N/A,43.44k,N/A,43.44k,N/A,149,N/A,$259.24
9 Drawer Dresser Sale Endingüö®,1,Home Supplies,08/10 15:00 ~ 08/10 19:06,4h 5m,jaydonhelpsyousave,$38.56k,N/A,54.2k,N/A,54.2k,N/A,622,N/A,$61.99
‚ö† FLASH SALE ELECTRIC SPIN BRUSH,1,Household Appliances,08/28 08:50 ~ 08/28 11:02,2h 12m,andi.review0,$38.37k,N/A,42.17k,N/A,42.17k,N/A,148,N/A,$259.24
Back to School,15,"Sports & Outdoor, Womenswear & Underwear",08/07 18:00 ~ 08/08 00:01,6h 1m,halara.us.live,$37.73k,N/A,70.43k,N/A,70.43k,N/A,1.32k,N/A,$28.52
Back To School Special Event! üéÅ,15,"Womenswear & Underwear, Sports & Outdoor",08/06 18:01 ~ 08/06 23:25,5h 23m,halara.us.live,$37.62k,N/A,85.79k,N/A,85.79k,N/A,1.29k,N/A,$29.27
Back to School,66,"Health, Sports & Outdoor, Food & Beverages",08/09 15:45 ~ 08/13 07:59,88h 14m,dealsbyzen,$37.44k,N/A,98.45k,N/A,98.45k,N/A,1.09k,N/A,$34.25
COWSAR Nugget Ice Maker Countert,15,"Sports & Outdoor, Beauty & Personal Care, Automotive & Motorcycle",08/09 07:27 ~ 08/09 20:55,13h 28m,meat.guy.out,$37.15k,N/A,70.41k,N/A,70.41k,N/A,593,N/A,$62.65
LAST DAY OF BACK TO SCHOOL SALE!,2,Sports & Outdoor,08/10 14:29 ~ 08/10 18:24,3h 54m,alignedwithkay,$36.63k,N/A,353.52k,N/A,353.52k,N/A,258,N/A,$141.98
LIVE Big Deals!üíï,21,"Beauty & Personal Care, Books, Magazines & Audio",08/29 16:58 ~ 08/29 19:16,2h 18m,simplymandys,$36.63k,N/A,60.26k,N/A,60.26k,N/A,1.2k,N/A,$30.63
BASEBALL RIPS!!,16,Sports & Outdoor,08/30 10:40 ~ 08/30 22:06,11h 25m,dappzdugout,$35.71k,N/A,17.82k,N/A,17.82k,N/A,385,N/A,$92.75
August Payday Deal!,49,"Textiles & Soft Furnishings, Home Supplies, Automotive & Motorcycle",08/23 10:03 ~ 08/28 05:17,115h 13m,sannyselected_us25,$35.64k,N/A,661.49k,N/A,661.49k,N/A,1.35k,N/A,$26.38
Oferta de verano,70,"Beauty & Personal Care, Health, Womenswear & Underwear",08/03 18:43 ~ 08/03 21:51,3h 8m,erikasantamaria99,$34.97k,N/A,51.92k,N/A,51.92k,N/A,1.6k,N/A,$21.81
Back to School,18,Toys & Hobbies,08/10 17:28 ~ 08/11 14:43,21h 15m,calipokehouse,$34.83k,N/A,114.9k,N/A,114.9k,N/A,540,N/A,$64.49
BEST SUMMER SALE!,1,Home Supplies,08/17 23:52 ~ 08/18 05:23,5h 30m,thatguynick23,$34.53k,N/A,174.98k,N/A,174.98k,N/A,557,N/A,$61.99
Back To School Clearance Saleüö®,15,Womenswear & Underwear,08/08 13:27 ~ 08/08 17:20,3h 52m,calicurvesfajas,$34.48k,N/A,42.08k,N/A,42.08k,N/A,439,N/A,$78.54
Hot deals SALES üíï‚ù§,26,"Phones & Electronics, Household Appliances, Kitchenware",08/31 12:30 ~ 08/31 22:35,10h 5m,vibingout28,$34.39k,N/A,201.42k,N/A,201.42k,N/A,959,N/A,$35.86
Back to School,13,"Sports & Outdoor, Toys & Hobbies",08/10 23:12 ~ 08/11 05:38,6h 26m,theballersbank,$34.38k,N/A,27.72k,N/A,27.72k,N/A,103,N/A,$333.76
Pac deals LIVE 8/3,91,"Womenswear & Underwear, Shoes",08/03 15:00 ~ 08/03 19:54,4h 54m,pacsun,$34.35k,N/A,178.05k,N/A,178.05k,N/A,769,N/A,$44.66
TIKTOK SHOP,1,Home Supplies,08/08 14:41 ~ 08/08 17:51,3h 10m,yessoliver,$34.16k,N/A,48.82k,N/A,48.82k,N/A,551,N/A,$61.99
Big sale come and join usÔºÅ,57,Sports & Outdoor,08/19 11:30 ~ 08/23 08:00,92h 30m,fitnessathome.official,$34.14k,N/A,1.25m,N/A,1.25m,N/A,422,N/A,$80.91
Ekko SALE!,13,"Health, Shoes, Menswear & Underwear",08/05 15:52 ~ 08/05 19:26,3h 34m,meadwalkout,$34.07k,N/A,31.91k,N/A,31.91k,N/A,1.12k,N/A,$30.50
70% off! SODAY Flash Sale,1,Kitchenware,08/15 13:03 ~ 08/15 20:05,7h 1m,soday.shop,$33.94k,N/A,107.78k,N/A,107.78k,N/A,397,N/A,$85.49
A lot of people are ordering..,14,Sports & Outdoor,08/15 06:02 ~ 08/16 00:12,18h 10m,merach.us,$33.90k,N/A,213.87k,N/A,213.87k,N/A,499,N/A,$67.94
Shop NEW with your fave üõçÔ∏è,93,"Womenswear & Underwear, Beauty & Personal Care, Shoes",08/03 11:39 ~ 08/03 17:08,5h 29m,katrinadimiele,$33.69k,N/A,75.33k,N/A,75.33k,N/A,3.05k,N/A,$11.06
Birthday Live + August Boxes,49,"Womenswear & Underwear, Beauty & Personal Care, Sports & Outdoor",08/21 17:20 ~ 08/22 02:06,8h 45m,calicurvesfajas,$33.62k,N/A,158.81k,N/A,158.81k,N/A,1.14k,N/A,$29.49
good vibes with Nate Dawg üê∂,92,"Sports & Outdoor, Phones & Electronics, Computers & Office Equipment",08/14 13:55 ~ 08/14 21:52,7h 56m,theballersbank,$33.53k,N/A,27.83k,N/A,27.83k,N/A,105,N/A,$319.36
Big sale come and join usÔºÅ,17,Sports & Outdoor,08/08 23:45 ~ 08/09 07:33,7h 47m,fitnessathome.official,$33.31k,N/A,169.34k,N/A,169.34k,N/A,350,N/A,$95.18
Portable cooling fan summer sale,4,"Phones & Electronics, Household Appliances, Sports & Outdoor",08/07 19:31 ~ 08/09 10:07,38h 35m,automates44,$33.24k,N/A,200.1k,N/A,200.1k,N/A,1.77k,N/A,$18.81
Big sale come and join usÔºÅ,57,Sports & Outdoor,08/14 10:00 ~ 08/16 05:25,43h 25m,fitnessathome.official,$33.06k,N/A,603.84k,N/A,603.84k,N/A,397,N/A,$83.27
Big sale! Come in and join us!,63,Sports & Outdoor,08/29 11:44 ~ 09/01 05:00,65h 15m,fitnessathome.official,$32.78k,N/A,884.11k,N/A,884.11k,N/A,439,N/A,$74.68
nate dawg üê∂,85,"Sports & Outdoor, Toys & Hobbies",08/28 13:35 ~ 08/28 20:47,7h 12m,theballersbank,$32.63k,N/A,44.86k,N/A,44.86k,N/A,97,N/A,$336.37
üî•POKEMON RIPSüî•,27,Toys & Hobbies,08/26 12:02 ~ 08/26 17:17,5h 15m,ipoketcg,$32.47k,N/A,20.12k,N/A,20.12k,N/A,108,N/A,$300.63
Gimbal 50% off summer sales,20,Phones & Electronics,08/03 07:07 ~ 08/04 00:55,17h 48m,wellnesswizards4,$32.37k,N/A,462.94k,N/A,462.94k,N/A,3.15k,N/A,$10.28
Tuesday With FeelinGirl!üõçÔ∏èüíï,29,"Womenswear & Underwear, Sports & Outdoor",08/13 10:10 ~ 08/14 01:37,15h 26m,feelingirlofficial,$32.20k,N/A,133.83k,N/A,133.83k,N/A,1.32k,N/A,$24.36
Chef fero,83,"Sports & Outdoor, Toys & Hobbies",08/26 21:45 ~ 08/27 05:06,7h 20m,theballersbank,$32.08k,N/A,26.38k,N/A,26.38k,N/A,132,N/A,$243.00
LIVE Big Deals!üíï,18,"Beauty & Personal Care, Books, Magazines & Audio",08/26 17:28 ~ 08/26 19:40,2h 12m,simplymandys,$31.98k,N/A,61.17k,N/A,61.17k,N/A,1.22k,N/A,$26.17
Welcome to my LIVE,4,Kitchenware,08/17 13:03 ~ 08/17 21:06,8h 3m,soday.shop,$31.94k,N/A,199.43k,N/A,199.43k,N/A,374,N/A,$85.41
Deals deals dealsüíï,12,"Books, Magazines & Audio, Beauty & Personal Care",08/05 17:23 ~ 08/05 19:06,1h 42m,simplymandys,$31.84k,N/A,50.66k,N/A,50.66k,N/A,963,N/A,$33.07
Firecracker Liquid IV Hydration,36,"Food & Beverages, Health",08/31 02:04 ~ 08/31 08:40,6h 35m,trippingaroundlife,$31.79k,N/A,65.64k,N/A,65.64k,N/A,911,N/A,$34.89
En vivo desde Tiktok! ü•≥,13,"Food & Beverages, Beauty & Personal Care, Health",08/06 15:30 ~ 08/07 00:00,8h 29m,daisycabral_,$31.68k,N/A,468.4k,N/A,468.4k,N/A,2.32k,N/A,$13.68
few pcs left..,13,Sports & Outdoor,08/03 06:02 ~ 08/03 23:02,17h,merach.us,$31.68k,N/A,213.86k,N/A,213.86k,N/A,451,N/A,$70.24
Live,31,-,08/26 19:35 ~ 08/27 01:17,5h 42m,huntbreaks,$31.25k,N/A,20.71k,N/A,20.71k,N/A,25,N/A,$1.25k
COUNTRY CUTIE ROMPER! ü§†ü§≠‚ú®,65,Womenswear & Underwear,08/22 11:11 ~ 08/22 17:01,5h 50m,shopwhiskeydarling,$31.14k,N/A,62.62k,N/A,62.62k,N/A,646,N/A,$48.20
LIVE Big Deals!üíï,18,"Beauty & Personal Care, Books, Magazines & Audio",08/27 17:08 ~ 08/27 19:15,2h 7m,simplymandys,$31.08k,N/A,59.81k,N/A,59.81k,N/A,1.29k,N/A,$24.10
BEST FURNITURE SUMMER SALE!,1,Home Supplies,08/19 23:10 ~ 08/20 03:14,4h 3m,thatguynick23,$31.06k,N/A,144.54k,N/A,144.54k,N/A,501,N/A,$61.99
Merach X Mega Live Sale Day,14,Sports & Outdoor,08/09 23:59 ~ 08/13 03:10,75h 10m,merach.us,$30.85k,N/A,1.08m,N/A,1.08m,N/A,446,N/A,$69.17
Calling All Cat Owners!,2,Pet Supplies,08/10 14:17 ~ 08/10 16:40,2h 22m,chrishasdeals,$30.81k,N/A,44.17k,N/A,44.17k,N/A,102,N/A,$302.04
Deals For You Days: Extended,15,"Womenswear & Underwear, Health, Fashion Accessories",08/06 12:00 ~ 08/06 15:05,3h 5m,shopbluewaters,$30.77k,N/A,38.89k,N/A,38.89k,N/A,1.08k,N/A,$28.47
Gimbal 50% off summer sales,15,Phones & Electronics,08/04 07:09 ~ 08/05 01:02,17h 52m,wellnesswizards4,$30.54k,N/A,382.94k,N/A,382.94k,N/A,2.05k,N/A,$14.91
Ekko SALE!,11,"Health, Shoes, Menswear & Underwear",08/05 23:40 ~ 08/06 01:20,1h 40m,meadwalkout,$30.51k,N/A,22.55k,N/A,22.55k,N/A,936,N/A,$32.60
few pcs left..,13,Sports & Outdoor,08/04 08:00 ~ 08/05 02:09,18h 9m,merach.us,$30.17k,N/A,294.15k,N/A,294.15k,N/A,432,N/A,$69.84
SODAY special discount‚ÄºÔ∏è,1,Kitchenware,08/29 13:35 ~ 08/29 19:38,6h 3m,soday.shop,$29.83k,N/A,84.7k,N/A,84.7k,N/A,341,N/A,$87.48
NATE AND MOOCH SHOW üî•üçø,81,"Toys & Hobbies, Sports & Outdoor",08/27 13:55 ~ 08/27 21:18,7h 22m,theballersbank,$29.70k,N/A,23.06k,N/A,23.06k,N/A,160,N/A,$185.59
Massage and heated recliner!,2,Home Supplies,08/06 21:27 ~ 08/06 22:54,1h 26m,workingmama40,$29.11k,N/A,45.14k,N/A,45.14k,N/A,275,N/A,$105.86
LIVE Big Deals!üíï,13,"Books, Magazines & Audio, Beauty & Personal Care",08/28 22:32 ~ 08/29 00:11,1h 38m,simplymandys,$29.08k,N/A,61.02k,N/A,61.02k,N/A,910,N/A,$31.96
Beachwaver!!,6,Beauty & Personal Care,08/24 07:41 ~ 08/24 08:59,1h 18m,scottsmommy,$28.81k,N/A,49.67k,N/A,49.67k,N/A,291,N/A,$99.00
Live with Jill üíã,87,"Beauty & Personal Care, Food & Beverages",08/30 18:00 ~ 08/30 22:01,4h 1m,aroma_concepts_fl,$28.69k,N/A,23.13k,N/A,23.13k,N/A,993,N/A,$28.89
COWSAR Nugget Ice Maker Countert,15,"Sports & Outdoor, Automotive & Motorcycle, Furniture",08/08 07:50 ~ 08/08 21:17,13h 26m,meat.guy.out,$28.69k,N/A,56.31k,N/A,56.31k,N/A,367,N/A,$78.17
Back to School,16,Sports & Outdoor,08/08 22:18 ~ 08/09 08:28,10h 9m,theballersbank,$28.60k,N/A,31.18k,N/A,31.18k,N/A,166,N/A,$172.27
Perfumes √Årabes Karen,111,"Beauty & Personal Care, Health",08/27 18:07 ~ 08/28 00:52,6h 44m,karencolon0,$28.56k,N/A,43.37k,N/A,43.37k,N/A,837,N/A,$34.12
Lack of energyPoor sleep quality,11,"Health, Food & Beverages",08/16 10:55 ~ 08/16 12:56,2h 1m,trainoliver,$28.50k,N/A,25.38k,N/A,25.38k,N/A,528,N/A,$53.99
BIAJEE‚ÄôS VINTAGE PARTY! (LIVE),2,"Sports & Outdoor, Womenswear & Underwear",08/04 11:28 ~ 08/04 18:19,6h 51m,biajeescollectibles,$28.48k,N/A,12.56k,N/A,12.56k,N/A,382,N/A,$74.56
Tymo ROVY!ü©∑,1,Beauty & Personal Care,08/11 20:50 ~ 08/11 21:52,1h 1m,rinas_life_journey,$28.43k,N/A,24.34k,N/A,24.34k,N/A,711,N/A,$39.99
Get yourself a mystery bag!,22,"Luggage & Bags, Pet Supplies",08/20 11:01 ~ 08/21 01:00,13h 58m,westernhandbag,$28.35k,N/A,93.64k,N/A,93.64k,N/A,438,N/A,$64.72
TikTok Shop,1,Household Appliances,08/06 23:01 ~ 08/07 02:48,3h 47m,armz4days,$28.15k,N/A,83.1k,N/A,83.1k,N/A,235,N/A,$119.79
Back to School,17,Toys & Hobbies,08/09 17:19 ~ 08/10 00:55,7h 36m,calipokehouse,$28.01k,N/A,43.62k,N/A,43.62k,N/A,533,N/A,$52.55
@Halara mentioned you in a live,22,"Sports & Outdoor, Womenswear & Underwear",08/22 21:00 ~ 08/23 00:01,3h,halara.us.live,$27.73k,N/A,52.27k,N/A,52.27k,N/A,980,N/A,$28.30
Ekko SALE!!,9,"Health, Baby & Maternity, Food & Beverages",08/05 15:52 ~ 08/05 19:26,3h 34m,walkoutshmean,$27.68k,N/A,16.74k,N/A,16.74k,N/A,1.04k,N/A,$26.66
9 Drawer Dresser!!!,4,"Home Supplies, Furniture",08/08 20:44 ~ 08/08 22:42,1h 58m,workingmama40,$27.51k,N/A,72.18k,N/A,72.18k,N/A,460,N/A,$59.80
LIVE Big Deals!üíï,16,"Books, Magazines & Audio, Beauty & Personal Care",08/30 18:47 ~ 08/30 20:57,2h 10m,simplymandys,$27.42k,N/A,67.42k,N/A,67.42k,N/A,1.06k,N/A,$25.82
60% Off + Free Shipping,1,Home Supplies,08/03 13:42 ~ 08/03 16:17,2h 34m,shelbyvignal11,$27.39k,N/A,22.42k,N/A,22.42k,N/A,249,N/A,$109.99
DBO & JALEN SHOW üé•,90,"Sports & Outdoor, Phones & Electronics, Computers & Office Equipment",08/14 23:34 ~ 08/15 06:44,7h 9m,theballersbank,$27.15k,N/A,29.1k,N/A,29.1k,N/A,96,N/A,$282.78
Hot deals SALES üíï‚ù§,25,"Phones & Electronics, Household Appliances, Kitchenware",08/29 12:30 ~ 08/29 22:36,10h 5m,vibingout28,$27.05k,N/A,140.63k,N/A,140.63k,N/A,701,N/A,$38.58
Hot deals SALES üíï‚ù§,29,"Phones & Electronics, Household Appliances, Kitchenware",09/01 12:30 ~ 09/01 19:35,7h 5m,vibingout28,$26.86k,N/A,154.68k,N/A,154.68k,N/A,752,N/A,$35.71
The World Needs More Cowgirls!,46,"Luggage & Bags, Pet Supplies",08/27 08:59 ~ 08/28 00:55,15h 55m,westernhandbag,$26.76k,N/A,79.43k,N/A,79.43k,N/A,789,N/A,$33.92
Up to 80% OFF #usa #clothes #fyp,77,"Womenswear & Underwear, Sports & Outdoor",08/03 14:22 ~ 08/04 02:01,11h 38m,highland.fashion7,$26.69k,N/A,56.72k,N/A,56.72k,N/A,2.45k,N/A,$10.89
üî• Weekend Warriors üî•,85,"Sports & Outdoor, Toys & Hobbies, Computers & Office Equipment",08/24 22:32 ~ 08/25 05:40,7h 7m,theballersbank,$26.67k,N/A,47.61k,N/A,47.61k,N/A,156,N/A,$170.95
COWSAR Nugget Ice Maker Countert,99,"Health, Furniture, Sports & Outdoor",08/13 07:44 ~ 08/13 21:21,13h 36m,meat.guy.out,$26.64k,N/A,51.57k,N/A,51.57k,N/A,499,N/A,$53.39
Welcome to my LIVE,30,"Kitchenware, Household Appliances, Beauty & Personal Care",08/30 15:00 ~ 08/30 23:40,8h 39m,cathypedrayes,$26.60k,N/A,111.51k,N/A,111.51k,N/A,836,N/A,$31.82
Back to School,15,"Womenswear & Underwear, Sports & Outdoor",08/10 13:02 ~ 08/10 22:00,8h 58m,oqqsports,$26.55k,N/A,120.42k,N/A,120.42k,N/A,918,N/A,$28.92
Get yourself a mystery bag!,28,"Luggage & Bags, Textiles & Soft Furnishings",08/21 11:02 ~ 08/22 00:55,13h 53m,westernhandbag,$26.53k,N/A,97.58k,N/A,97.58k,N/A,688,N/A,$38.56
Homeika HOT SALE,3,Household Appliances,08/03 16:17 ~ 08/03 19:19,3h 1m,thatneurospicymomma,$26.45k,N/A,213.86k,N/A,213.86k,N/A,341,N/A,$77.56
URO Women's Probiotics FLO,98,"Furniture, Health, Sports & Outdoor",08/30 07:58 ~ 08/30 20:00,12h 1m,meat.guy.out,$26.42k,N/A,52.44k,N/A,52.44k,N/A,423,N/A,$62.47
Gimbal 50% off August sales,20,Phones & Electronics,08/30 07:03 ~ 08/31 01:01,17h 57m,wellnesswizards4,$26.37k,N/A,415.63k,N/A,415.63k,N/A,1.36k,N/A,$19.35
COWSAR Nugget Ice Maker Countert,99,"Furniture, Sports & Outdoor, Health",08/16 06:36 ~ 08/16 18:18,11h 41m,meat.guy.out,$26.35k,N/A,39.21k,N/A,39.21k,N/A,342,N/A,$77.04
9 Drawer Dresser Sale Endingüö®,1,Home Supplies,08/06 16:53 ~ 08/07 00:56,8h 2m,jaydonhelpsyousave,$26.35k,N/A,60.53k,N/A,60.53k,N/A,425,N/A,$61.99
¬°Transmisi√≥n en vivo con Maya!,32,"Health, Food & Beverages, Beauty & Personal Care",08/30 14:00 ~ 08/30 22:13,8h 12m,microingredients,$26.30k,N/A,84.51k,N/A,84.51k,N/A,1.29k,N/A,$20.34
Voweek BRUSH,1,Household Appliances,08/31 23:35 ~ 09/01 00:33,57m,timgroman,$25.92k,N/A,29.14k,N/A,29.14k,N/A,100,N/A,$259.24
Back to School,15,Womenswear & Underwear,08/09 19:27 ~ 08/10 01:22,5h 55m,calicurvesfajas,$25.78k,N/A,102.23k,N/A,102.23k,N/A,540,N/A,$47.73
Chit chat,1,Beauty & Personal Care,08/09 18:06 ~ 08/09 19:37,1h 30m,battledbutwinning,$25.75k,N/A,22k,N/A,22k,N/A,82,N/A,$314.00
A lot of people are ordering..,19,Sports & Outdoor,08/28 06:37 ~ 08/29 01:06,18h 29m,merach.us,$25.68k,N/A,84.69k,N/A,84.69k,N/A,386,N/A,$66.53
@Halara mentioned you in a live,15,"Sports & Outdoor, Womenswear & Underwear",08/11 21:00 ~ 08/11 23:55,2h 54m,halara.us.live,$25.61k,N/A,84.71k,N/A,84.71k,N/A,865,N/A,$29.61
Microingredients Vit D3 K2,2,Health,08/07 09:49 ~ 08/07 12:55,3h 5m,jasonttshop,$25.53k,N/A,60.88k,N/A,60.88k,N/A,842,N/A,$30.33
Carote 18pcs Cookware Set Sale!,2,Kitchenware,08/09 10:23 ~ 08/09 13:50,3h 26m,mauithegolden2,$25.49k,N/A,142.67k,N/A,142.67k,N/A,263,N/A,$96.91
70% off! SODAY Flash Sale,1,Kitchenware,08/16 13:00 ~ 08/16 17:04,4h 3m,soday.shop,$25.48k,N/A,178.74k,N/A,178.74k,N/A,298,N/A,$85.49
Come in and get good deals!!!!,1,Home Supplies,08/13 13:01 ~ 08/13 18:25,5h 23m,bestdealsdailyontiktok,$25.40k,N/A,118.49k,N/A,118.49k,N/A,960,N/A,$26.46
COWSAR Nugget Ice Maker Countert,99,"Furniture, Sports & Outdoor, Beauty & Personal Care",08/18 07:51 ~ 08/18 17:59,10h 8m,meat.guy.out,$25.40k,N/A,37k,N/A,37k,N/A,341,N/A,$74.48
Super Brand Day Sale,32,"Womenswear & Underwear, Fashion Accessories, Shoes",08/21 14:00 ~ 08/21 22:15,8h 14m,cider_official,$25.33k,N/A,42.86k,N/A,42.86k,N/A,972,N/A,$26.06
#fyp #viral #tiktok,12,"Home Supplies, Furniture, Household Appliances",08/10 17:25 ~ 08/10 20:13,2h 48m,socialwavelady,$25.27k,N/A,14.42k,N/A,14.42k,N/A,3.25k,N/A,$7.78
üå∏ CEO packs Orders in Warehouse,42,"Beauty & Personal Care, Health",08/13 17:30 ~ 08/13 23:58,6h 28m,thebeachwaver,$25.13k,N/A,132.05k,N/A,132.05k,N/A,933,N/A,$26.94
Te mencion√≥,93,"Beauty & Personal Care, Health",08/15 19:16 ~ 08/16 00:01,4h 44m,yosoy_susana,$25.09k,N/A,43.53k,N/A,43.53k,N/A,738,N/A,$34.00
MEOKY skull cup!!!!,2,Kitchenware,08/29 05:47 ~ 08/29 13:48,8h 1m,wendyhensell,$25.09k,N/A,49.98k,N/A,49.98k,N/A,845,N/A,$29.69
$29 Ice Maker üßä | Ask for Codes,2,Household Appliances,08/17 14:09 ~ 08/17 22:18,8h 8m,wrappedofficial,$25.04k,N/A,323.56k,N/A,323.56k,N/A,229,N/A,$109.34
UNREAL ICE-MAKER DEAL!,4,"Health, Household Appliances, Food & Beverages",08/06 11:05 ~ 08/06 14:18,3h 12m,coltomn,$24.88k,N/A,160.33k,N/A,160.33k,N/A,536,N/A,$46.41
70% off! SODAY Flash Sale,1,Kitchenware,08/14 14:11 ~ 08/14 20:12,6h,soday.shop,$24.79k,N/A,80.88k,N/A,80.88k,N/A,290,N/A,$85.49
TIKTOK SHOP,1,Home Supplies,08/06 15:25 ~ 08/06 18:10,2h 45m,yessoliver,$24.73k,N/A,56.77k,N/A,56.77k,N/A,399,N/A,$61.99
Celebrity Works Cash Register,35,"Beauty & Personal Care, Home Supplies, Luggage & Bags",08/05 12:04 ~ 08/05 14:59,2h 55m,jeffreestar,$24.73k,N/A,250.49k,N/A,250.49k,N/A,720,N/A,$34.35
Ferrochini Mondays ü§å,11,"Toys & Hobbies, Sports & Outdoor, Computers & Office Equipment",08/12 22:12 ~ 08/13 04:37,6h 24m,theballersbank,$24.64k,N/A,26.5k,N/A,26.5k,N/A,138,N/A,$178.55
‚ö†Ô∏èFLASH SALE ELECTRIC SPIN BRUSH,1,Household Appliances,08/31 13:50 ~ 08/31 15:17,1h 26m,areviews.co,$24.63k,N/A,27.8k,N/A,27.8k,N/A,95,N/A,$259.24
labor day-SS,21,Sports & Outdoor,09/01 08:00 ~ 09/02 00:55,16h 55m,merach.us,$24.59k,N/A,102.14k,N/A,102.14k,N/A,447,N/A,$55.00
DBO & JALEN SHOW,83,"Toys & Hobbies, Sports & Outdoor",08/28 23:26 ~ 08/29 06:41,7h 14m,theballersbank,$24.57k,N/A,33.23k,N/A,33.23k,N/A,117,N/A,$210.04
COWSAR Nugget Ice Maker Countert,99,"Furniture, Health, Kitchenware",08/23 07:50 ~ 08/23 21:55,14h 5m,meat.guy.out,$24.57k,N/A,39.66k,N/A,39.66k,N/A,317,N/A,$77.51
Pacsun Labor Day Sale,55,Womenswear & Underwear,08/30 15:00 ~ 08/30 22:01,7h,pacsun,$24.40k,N/A,116.69k,N/A,116.69k,N/A,515,N/A,$47.38
UNREAL ICE-MAKER DEAL!,4,Household Appliances,08/09 20:09 ~ 08/10 01:39,5h 30m,coltomn,$24.38k,N/A,204.42k,N/A,204.42k,N/A,252,N/A,$96.73
Get Gorgeous Hair w/ Wavytalk,10,Beauty & Personal Care,08/06 15:59 ~ 08/06 20:03,4h 4m,wavytalkofficial,$24.31k,N/A,76.47k,N/A,76.47k,N/A,689,N/A,$35.28
Wow!ü§© So many giveaways!,27,"Health, Food & Beverages",08/23 16:00 ~ 08/23 20:31,4h 31m,microingredients,$24.26k,N/A,38.7k,N/A,38.7k,N/A,644,N/A,$37.66
Ferrochini is LIVE,81,"Toys & Hobbies, Sports & Outdoor",08/27 22:09 ~ 08/28 04:33,6h 24m,theballersbank,$24.23k,N/A,25.97k,N/A,25.97k,N/A,109,N/A,$222.34
Walking Pad/Treadmill,3,Sports & Outdoor,09/01 14:36 ~ 09/01 16:09,1h 32m,kylene_rae,$24.19k,N/A,67.6k,N/A,67.6k,N/A,199,N/A,$121.57
üõçÔ∏è ‚ú® SHOP FOR DEALS‚ú®üõçÔ∏è,92,"Furniture, Beauty & Personal Care, Phones & Electronics",08/23 18:54 ~ 08/24 01:08,6h 14m,tatyanna_lifestyle,$24.19k,N/A,46.94k,N/A,46.94k,N/A,662,N/A,$36.53
Hot deals SALES üíï‚ù§,26,"Phones & Electronics, Household Appliances",08/15 12:30 ~ 08/15 22:30,10h,vibingout28,$24.18k,N/A,95.87k,N/A,95.87k,N/A,725,N/A,$33.36
Ekkovision Discounts,8,"Health, Shoes, Sports & Outdoor",08/05 23:18 ~ 08/06 01:16,1h 57m,jeffgrahammma,$24.09k,N/A,3.58k,N/A,3.58k,N/A,966,N/A,$24.94
Back to School,15,"Beauty & Personal Care, Kitchenware",08/10 09:59 ~ 08/10 14:16,4h 17m,peanut_body_store,$24.06k,N/A,41.02k,N/A,41.02k,N/A,826,N/A,$29.12
HUGE FLASH SALE,1,Home Supplies,08/18 18:32 ~ 08/18 23:07,4h 34m,ravenbenjamin20,$24.05k,N/A,124.16k,N/A,124.16k,N/A,388,N/A,$61.99
A lot of people are ordering..,13,Sports & Outdoor,08/14 11:26 ~ 08/15 01:10,13h 44m,merach.us,$24.01k,N/A,167.18k,N/A,167.18k,N/A,352,N/A,$68.20
Pushing ranks!,2,Home Supplies,08/10 15:25 ~ 08/10 16:43,1h 18m,sexylexiii___69,$24.00k,N/A,5.25k,N/A,5.25k,N/A,3.83k,N/A,$6.26
Back to School,16,"Kitchenware, Health, Beauty & Personal Care",08/28 13:59 ~ 08/28 16:04,2h 4m,tiktoken_ton,$24.00k,N/A,110.82k,N/A,110.82k,N/A,1.11k,N/A,$21.70
@Halara mentioned you in a live,24,"Sports & Outdoor, Womenswear & Underwear",08/20 21:00 ~ 08/21 00:00,3h,halara.us.live,$23.95k,N/A,42.37k,N/A,42.37k,N/A,852,N/A,$28.11
Back to school,9,Phones & Electronics,08/15 20:01 ~ 08/16 13:03,17h 1m,top.music_electronics,$23.91k,N/A,76.57k,N/A,76.57k,N/A,1.7k,N/A,$14.05
Back to School,15,"Womenswear & Underwear, Sports & Outdoor",08/09 13:00 ~ 08/09 20:55,7h 55m,oqqsports,$23.72k,N/A,98.68k,N/A,98.68k,N/A,791,N/A,$29.99
Exclusive price only for lives,5,Sports & Outdoor,08/31 08:30 ~ 09/01 02:30,18h,deerrunofficial,$23.48k,N/A,214.28k,N/A,214.28k,N/A,173,N/A,$135.71
BEST REPACKS ON TIKTOK!,2,Sports & Outdoor,08/31 20:53 ~ 09/01 03:28,6h 34m,katocardsllc,$23.33k,N/A,3.53k,N/A,3.53k,N/A,159,N/A,$146.75
Deals deals dealsüíï,18,"Beauty & Personal Care, Books, Magazines & Audio",08/14 16:59 ~ 08/14 19:48,2h 48m,simplymandys,$23.32k,N/A,63.3k,N/A,63.3k,N/A,1.03k,N/A,$22.55
Gimbal 50% off August sales,20,Phones & Electronics,08/31 07:04 ~ 09/01 01:02,17h 57m,wellnesswizards4,$23.29k,N/A,435.08k,N/A,435.08k,N/A,1.17k,N/A,$19.98
ferrochini tuesdays,89,"Sports & Outdoor, Computers & Office Equipment",08/20 12:57 ~ 08/20 19:49,6h 52m,theballersbank,$23.09k,N/A,26.35k,N/A,26.35k,N/A,72,N/A,$320.74
STORMI‚Äôs check in!,2,Beauty & Personal Care,08/17 20:19 ~ 08/17 21:03,44m,iamstormisteele,$23.08k,N/A,82.91k,N/A,82.91k,N/A,1.03k,N/A,$22.50
Perfumes √Årabes Karen,28,"Beauty & Personal Care, Sports & Outdoor",08/10 18:37 ~ 08/11 01:16,6h 39m,karencolon0,$23.06k,N/A,20.84k,N/A,20.84k,N/A,594,N/A,$38.83
Trying the retro TV game stick,3,"Furniture, Home Improvement, Phones & Electronics",08/22 19:56 ~ 08/23 00:32,4h 35m,mrcaseyy9,$23.04k,N/A,63.95k,N/A,63.95k,N/A,330,N/A,$69.83
Back to School,15,"Sports & Outdoor, Womenswear & Underwear",08/10 20:45 ~ 08/10 23:00,2h 15m,halara.us.live,$22.91k,N/A,53.97k,N/A,53.97k,N/A,769,N/A,$29.79
MaryRuth‚Äôs New Arrivals Sales!,9,"Health, Kitchenware",08/03 18:00 ~ 08/03 23:59,5h 59m,maryruthorganics,$22.83k,N/A,108.13k,N/A,108.13k,N/A,749,N/A,$30.47
